<?xml version="1.0" encoding="UTF-8"?>
<rss version="2.0" xmlns:atom="http://www.w3.org/2005/Atom">
  <channel>
    <title>This is Solid State</title>
    <description>Another free + fully responsive site template by HTML5 UP
</description>
    <link>http://yourdomain.com/</link>
    <atom:link href="http://yourdomain.com/feed.xml" rel="self" type="application/rss+xml"/>
    <pubDate>Thu, 21 Jul 2016 14:34:39 -0400</pubDate>
    <lastBuildDate>Thu, 21 Jul 2016 14:34:39 -0400</lastBuildDate>
    <generator>Jekyll v3.1.6</generator>
    
      <item>
        <title>Welcome to Jekyll!</title>
        <description>&lt;p&gt;You’ll find this post in your &lt;code class=&quot;highlighter-rouge&quot;&gt;_posts&lt;/code&gt; directory. Go ahead and edit it and re-build the site to see your changes. You can rebuild the site in many different ways, but the most common way is to run &lt;code class=&quot;highlighter-rouge&quot;&gt;jekyll serve&lt;/code&gt;, which launches a web server and auto-regenerates your site when a file is updated.&lt;/p&gt;

&lt;p&gt;To add new posts, simply add a file in the &lt;code class=&quot;highlighter-rouge&quot;&gt;_posts&lt;/code&gt; directory that follows the convention &lt;code class=&quot;highlighter-rouge&quot;&gt;YYYY-MM-DD-name-of-post.ext&lt;/code&gt; and includes the necessary front matter. Take a look at the source for this post to get an idea about how it works.&lt;/p&gt;

&lt;p&gt;Jekyll also offers powerful support for code snippets:&lt;/p&gt;

&lt;figure class=&quot;highlight&quot;&gt;&lt;pre&gt;&lt;code class=&quot;language-ruby&quot; data-lang=&quot;ruby&quot;&gt;&lt;span class=&quot;k&quot;&gt;def&lt;/span&gt; &lt;span class=&quot;nf&quot;&gt;print_hi&lt;/span&gt;&lt;span class=&quot;p&quot;&gt;(&lt;/span&gt;&lt;span class=&quot;nb&quot;&gt;name&lt;/span&gt;&lt;span class=&quot;p&quot;&gt;)&lt;/span&gt;
  &lt;span class=&quot;nb&quot;&gt;puts&lt;/span&gt; &lt;span class=&quot;s2&quot;&gt;&quot;Hi, &lt;/span&gt;&lt;span class=&quot;si&quot;&gt;#{&lt;/span&gt;&lt;span class=&quot;nb&quot;&gt;name&lt;/span&gt;&lt;span class=&quot;si&quot;&gt;}&lt;/span&gt;&lt;span class=&quot;s2&quot;&gt;&quot;&lt;/span&gt;
&lt;span class=&quot;k&quot;&gt;end&lt;/span&gt;
&lt;span class=&quot;n&quot;&gt;print_hi&lt;/span&gt;&lt;span class=&quot;p&quot;&gt;(&lt;/span&gt;&lt;span class=&quot;s1&quot;&gt;&#39;Tom&#39;&lt;/span&gt;&lt;span class=&quot;p&quot;&gt;)&lt;/span&gt;
&lt;span class=&quot;c1&quot;&gt;#=&amp;gt; prints &#39;Hi, Tom&#39; to STDOUT.&lt;/span&gt;&lt;/code&gt;&lt;/pre&gt;&lt;/figure&gt;

&lt;p&gt;Check out the &lt;a href=&quot;http://jekyllrb.com/docs/home&quot;&gt;Jekyll docs&lt;/a&gt; for more info on how to get the most out of Jekyll. File all bugs/feature requests at &lt;a href=&quot;https://github.com/jekyll/jekyll&quot;&gt;Jekyll’s GitHub repo&lt;/a&gt;. If you have questions, you can ask them on &lt;a href=&quot;https://talk.jekyllrb.com/&quot;&gt;Jekyll Talk&lt;/a&gt;.&lt;/p&gt;

</description>
        <pubDate>Wed, 20 Jul 2016 00:00:00 -0400</pubDate>
        <link>http://yourdomain.com/none/2016/07/20/Welcome-to-Jekyll.html</link>
        <guid isPermaLink="true">http://yourdomain.com/none/2016/07/20/Welcome-to-Jekyll.html</guid>
        
        
        <category>none</category>
        
      </item>
    
      <item>
        <title>Sed feugiat lorem</title>
        <description>
</description>
        <pubDate>Wed, 20 Jul 2016 00:00:00 -0400</pubDate>
        <link>http://yourdomain.com/blog/2016/07/20/Sed-feugiat-lorem.html</link>
        <guid isPermaLink="true">http://yourdomain.com/blog/2016/07/20/Sed-feugiat-lorem.html</guid>
        
        
        <category>blog</category>
        
      </item>
    
      <item>
        <title>Nisl placerat</title>
        <description>
</description>
        <pubDate>Wed, 20 Jul 2016 00:00:00 -0400</pubDate>
        <link>http://yourdomain.com/blog/2016/07/20/Nisl-placerat.html</link>
        <guid isPermaLink="true">http://yourdomain.com/blog/2016/07/20/Nisl-placerat.html</guid>
        
        
        <category>blog</category>
        
      </item>
    
      <item>
        <title>Fusce consequat</title>
        <description>
</description>
        <pubDate>Wed, 20 Jul 2016 00:00:00 -0400</pubDate>
        <link>http://yourdomain.com/blog/2016/07/20/Fusce-consequat.html</link>
        <guid isPermaLink="true">http://yourdomain.com/blog/2016/07/20/Fusce-consequat.html</guid>
        
        
        <category>blog</category>
        
      </item>
    
      <item>
        <title>Ante fermentum</title>
        <description>
</description>
        <pubDate>Wed, 20 Jul 2016 00:00:00 -0400</pubDate>
        <link>http://yourdomain.com/blog/2016/07/20/Ante-fermentum.html</link>
        <guid isPermaLink="true">http://yourdomain.com/blog/2016/07/20/Ante-fermentum.html</guid>
        
        
        <category>blog</category>
        
      </item>
    
  </channel>
</rss>
